{
 "custId": 1234,
 "firstName": "Test",
 "lastName" : "Test" ,
 "aadharId" : "704123432122", 
 "email": "test@xyz.com",  
 "totalAssets": 2000.00,
 "totalLiabilites": 1000.00,
 "accounts":[
  {
   "acctNo" : 201232445656,
   "acctType": "S",
   "balance": 10000.00,
   "salaried" : "Y"
  },
  {
   "acctNo" : 201232445657,
   "acctType": "C",
   "balance": 10000.00,
   "salaried": "N"
 }
 ],
 "loans":[
 {
  "loanAcctNo" : 201232555656,
  "loanAmount" : 450000,
  "tenure": 10,
  "interestRate": 10.0,
  "openingDate": 12-05-2005,
  "emi": 40000,
  "nextEmiDueDate": 12-05-2017,
  "loanStatus": "A",
  "debitAcctNo": 201232445656,
  "remarks": "approved"
 },
 {
  "loanAcctNo" : 201232775656,
  "loanAmount" : 450000,
  "tenure": 10,
  "interestRate":10,
  "openingDate":12-05-2005,
  "emi":40000,
  "emiDueDate": 12-05-2017,
  "loanStatus": "C",
  "debitAcctNo": 201232445656,
  "remarks": "approved"
 }
 ]
}