[
	{
		"productId": 1,
		"productName": "Samsung Galaxy Note 7",
		"productCode": "MOB-120",
		"description": "64GB, Coral Blue",
		"price": 60569,
		"imageUrl": "assets/imgs/samsung_note7_coralblue.jpg",
		"manufacturer": "Samsung",
		"ostype": "Android",
		"rating": 4
	},
	{
		"productId": 2,
		"productName": "Samsung Galaxy Note 7",
		"productCode": "MOB-124",
		"description": "64GB, Gold",
		"price": 60200,
		"imageUrl": "assets/imgs/samsung_note7_gold.jpg",
		"manufacturer": "Samsung",
		"ostype": "Android",
		"rating": 4
	},
	{
		"productId": 3,
		"productName": "Lumia 640XL",
		"productCode": "MOB-125",
		"description": "8GB, Black",
		"price": 14990,
		"imageUrl": "assets/imgs/lumia_640xl.jpg",
		"manufacturer": "Microsoft",
		"ostype": "Windows",
		"rating": 4.3
	},
	{
		"productId": 4,
		"productName": "iPhone 6",
		"productCode": "MOB-126",
		"description": "16GB, Gold",
		"price": 40501,
		"imageUrl": "assets/imgs/iphone_gold.jpg",
		"manufacturer": "Apple",
		"ostype": "iOS",
		"rating": 4.2
	},
	{
		"productId": 5,
		"productName": "Lumia 950 XL",
		"productCode": "MOB-127",
		"description": "32GB, Black",
		"price": 51950,
		"imageUrl": "assets/imgs/lumia_950xl.jpg",
		"manufacturer": "Microsoft",
		"ostype": "Windows",
		"rating": 4.3
	},
	{
		"productId": 6,
		"productName": "Samsung Galaxy S6 Edge",
		"productCode": "MOB-128",
		"description": "32GB, Gold",
		"price": 34900,
		"imageUrl": "assets/imgs/samsung_edge_gold.jpg",
		"manufacturer": "Samsung",
		"ostype": "Android",
		"rating": 4
	},
	{
		"productId": 7,
		"productName": "Samsung Galaxy S6 Edge",
		"productCode": "MOB-129",
		"description": "32GB, Black",
		"price": 34890,
		"imageUrl": "assets/imgs/samsung_edge_black.jpg",
		"manufacturer": "Samsung",
		"ostype": "Android",
		"rating": 3.5
	},
	{
		"productId": 8,
		"productName": "Samsung Galaxy S6 Edge",
		"productCode": "MOB-130",
		"description": "32GB, Silver",
		"price": 53499,
		"imageUrl": "assets/imgs/samsung_edge_silver.jpg",
		"manufacturer": "Samsung",
		"ostype": "Android",
		"rating": 4.5
	}
]