<?xml version="1.0" encoding="UTF-8"?> 
<configuration debug="true" scan="true" scanPeriod="30 seconds">
<property name="LOGDIR" value="c:/BankingApp_Monolithic/logs/extservice" />
      <appender name="FILE" class="ch.qos.logback.core.FileAppender">
        <file>${LOGDIR}/extservice.log</file>
        <append>true</append>
       
       <layout class="ch.qos.logback.classic.PatternLayout">
			<Pattern>
				%d{yyyy-MM-dd HH:mm:ss}---[%thread] --- %-5level  ---- %msg - %n
			</Pattern>
		</layout>
    </appender>


    <root level="DEBUG">
        <appender-ref ref="FILE" />

    </root>

</configuration>